{
	"en": "English",
	"zh-CN": "简体中文|Chinese (Simplified)",
	"zh-TW": "正體中文|Chinese (Traditional)",
	"nl": "Nederlands (Dutch)",
	"de": "Deutsch (German)",
	"fr": "Français (French)",
	"hu": "Magyar (Hungarian)",
	"it": "Italiano (Italian)",
	"ko": "한국어 (Korean)",
	"pl": "Polski (Polish)",
	"pt-BR": "Português (Portuguese Brazil)",
	"pt-PT": "Português (Portuguese Portugal)",
	"ro": "Română (Romanian)",
	"ru": "Русский (Russian)",
	"es": "Español (Spanish)",
	"uk": "Українська (Ukrainian)"
}
